doc_id,type_document,documentcloud_id,titre,nb_pages,source_declaree,langue,date_publication,url_page,url_pdf,fichier_local,taille_ko,date_collecte,statut
INT001,interrogatoire,21179915,Driskill Interrogation Transcript,311,"Second Court of Appeals, Fort Worth, Texas",eng,2022-01-14,https://www.documentcloud.org/documents/21179915-driskill-interrogation-transcript/,https://s3.documentcloud.org/documents/21179915/driskill-interrogation-transcript.pdf,documents\pdf\interrogatoire\INT001.pdf,181251,2026-10-03,ok
INT002,interrogatoire,4334950,Reality Winner Interrogation Transcript,80,,eng,2017-12-21,https://www.documentcloud.org/documents/4334950-Reality-Winner-Interrogation-Transcript/,https://s3.documentcloud.org/documents/4334950/Reality-Winner-Interrogation-Transcript.pdf,documents\pdf\interrogatoire\INT002.pdf,1334,2026-10-03,ok
INT003,interrogatoire,25978978,Adam Ball interrogation transcript,108,,eng,2025-06-18,https://www.documentcloud.org/documents/25978978-adam-ball-interrogation-transcript/,https://s3.documentcloud.org/documents/25978978/adam-ball-interrogation-transcript.pdf,documents\pdf\interrogatoire\INT003.pdf,1781,2026-10-03,ok
INT004,interrogatoire,517648,"Transcript of Jan. 31, 2007, interrogation of Vanessa Coleman",59,,eng,2012-11-15,https://www.documentcloud.org/documents/517648-transcript-of-jan-31-2007-interrogation-of/,https://s3.documentcloud.org/documents/517648/transcript-of-jan-31-2007-interrogation-of.pdf,documents\pdf\interrogatoire\INT004.pdf,2506,2026-10-03,ok
INT005,interrogatoire,539855,"Read the transcript of the Jan. 11, 2007 interrogation of Letalvis Cobbins",118,,eng,2012-12-14,https://www.documentcloud.org/documents/539855-01302009statement-carjack-cobbins/,https://s3.documentcloud.org/documents/539855/01302009statement-carjack-cobbins.pdf,documents\pdf\interrogatoire\INT005.pdf,7617,2026-10-03,ok
INT006,interrogatoire,538394,"Read the transcript of the Jan. 11, 2007, interrogation of Lemaricus Davidson",96,,eng,2012-12-13,https://www.documentcloud.org/documents/538394-read-the-transcript-of-the-jan-11-2007/,https://s3.documentcloud.org/documents/538394/read-the-transcript-of-the-jan-11-2007.pdf,documents\pdf\interrogatoire\INT006.pdf,4512,2026-10-03,ok
INT007,interrogatoire,539919,Lebanon (Ky.) Police Department's interrogation of George Thomas,34,,eng,2012-12-14,https://www.documentcloud.org/documents/539919-120409george-thomas-transcript/,https://s3.documentcloud.org/documents/539919/120409george-thomas-transcript.pdf,documents\pdf\interrogatoire\INT007.pdf,1617,2026-10-03,ok
INT008,interrogatoire,23842693,Transcript - Kouri Richins police interview,19,,eng,2023-06-12,https://www.documentcloud.org/documents/23842693-transcript-kouri-richins-police-interview/,https://s3.documentcloud.org/documents/23842693/transcript-kouri-richins-police-interview.pdf,documents\pdf\interrogatoire\INT008.pdf,207,2026-10-03,ok
INT009,interrogatoire,2424987,Sneed police interview transcript,74,,eng,2015-09-16,https://www.documentcloud.org/documents/2424987-sneed-police-interview-transcript/,https://s3.documentcloud.org/documents/2424987/sneed-police-interview-transcript.pdf,documents\pdf\interrogatoire\INT009.pdf,2039,2026-10-03,ok
INT010,interrogatoire,2395793,Glossip Police Interview Jan 8 97,87,,eng,2015-09-10,https://www.documentcloud.org/documents/2395793-glossip-police-interview-jan-8-97/,https://s3.documentcloud.org/documents/2395793/glossip-police-interview-jan-8-97.pdf,documents\pdf\interrogatoire\INT010.pdf,43399,2026-10-03,ok
INT011,interrogatoire,2395795,Glossip Police Interview Jan 9 97,30,,eng,2015-09-10,https://www.documentcloud.org/documents/2395795-glossip-police-interview-jan-9-97/,https://s3.documentcloud.org/documents/2395795/glossip-police-interview-jan-9-97.pdf,documents\pdf\interrogatoire\INT011.pdf,16078,2026-10-03,ok
INT012,interrogatoire,6603507,Alexander police interrogation,130,,eng,2020-01-08,https://www.documentcloud.org/documents/6603507-Interrogation/,https://s3.documentcloud.org/documents/6603507/Interrogation.pdf,documents\pdf\interrogatoire\INT012.pdf,3605,2026-10-03,ok
INT013,interrogatoire,1376707,"Bourque 2014 06 06 STATEMENT TRANSCRIPT BOURQUE, JUSTIN (1767) (1)",119,,eng,2014-12-09,https://www.documentcloud.org/documents/1376707-bourque-2014-06-06-statement-transcript-bourque/,https://s3.documentcloud.org/documents/1376707/bourque-2014-06-06-statement-transcript-bourque.pdf,documents\pdf\interrogatoire\INT013.pdf,1195,2026-10-03,ok
INT014,interrogatoire,3860831,"Bill Cosby’s Jan. 26, 2005 police interview",18,Montgomery County District Attorney’s Office,eng,2017-06-08,https://www.documentcloud.org/documents/3860831-Cosby-012605/,https://s3.documentcloud.org/documents/3860831/Cosby-012605.pdf,documents\pdf\interrogatoire\INT014.pdf,842,2026-10-03,ok
INT015,interrogatoire,2730291,Carrie-Kain-interview-with-detectives,73,,eng,2016-03-02,https://www.documentcloud.org/documents/2730291-Carrie-Kain-interview-with-detectives/,https://s3.documentcloud.org/documents/2730291/Carrie-Kain-interview-with-detectives.pdf,documents\pdf\interrogatoire\INT015.pdf,3408,2026-10-03,ok
INT016,interrogatoire,284251,Dewey Pressley Interrogation,6,,eng,2012-01-18,https://www.documentcloud.org/documents/284251-dewey-pressley-interrogation/,https://s3.documentcloud.org/documents/284251/dewey-pressley-interrogation.pdf,documents\pdf\interrogatoire\INT016.pdf,845,2026-10-03,ok
INT017,interrogatoire,289707,Dustin Paxton police interview,233,,eng,2012-02-06,https://www.documentcloud.org/documents/289707-dustin-paxton-police-interview/,https://s3.documentcloud.org/documents/289707/dustin-paxton-police-interview.pdf,documents\pdf\interrogatoire\INT017.pdf,387,2026-10-03,ok
INT018,interrogatoire,1379101,FBI/Police interview with Dorian Johnson,73,,eng,2014-12-13,https://www.documentcloud.org/documents/1379101-fbi-police-interview-with-dorian-johnson/,https://s3.documentcloud.org/documents/1379101/fbi-police-interview-with-dorian-johnson.pdf,documents\pdf\interrogatoire\INT018.pdf,10356,2026-10-03,ok
INT019,interrogatoire,25919,First police interview with Bruce Elliott,21,"Wichita Police file, Case No. S-25193",eng,2011-01-11,https://www.documentcloud.org/documents/25919-elliott-1st-interview/,https://s3.documentcloud.org/documents/25919/elliott-1st-interview.pdf,documents\pdf\interrogatoire\INT019.pdf,5380,2026-10-03,ok
INT020,interrogatoire,25920,Second police interview of Bruce Elliott,14,"Wichita Police file, Case No. S-25193",eng,2011-01-11,https://www.documentcloud.org/documents/25920-elliott-2nd-interview/,https://s3.documentcloud.org/documents/25920/elliott-2nd-interview.pdf,documents\pdf\interrogatoire\INT020.pdf,3738,2026-10-03,ok
INT021,interrogatoire,231515,Gabriel Morris Interview Transcript,58,Oregon Department of Justice,eng,2011-08-12,https://www.documentcloud.org/documents/231515-gabriel-morris-interview-transcript/,https://s3.documentcloud.org/documents/231515/gabriel-morris-interview-transcript.pdf,documents\pdf\interrogatoire\INT021.pdf,370,2026-10-03,ok
INT022,interrogatoire,231514,Jessica Morris Interview Transcript,145,Oregon Department of Justice,eng,2011-08-12,https://www.documentcloud.org/documents/231514-jessica-morris-interview-transcript/,https://s3.documentcloud.org/documents/231514/jessica-morris-interview-transcript.pdf,documents\pdf\interrogatoire\INT022.pdf,779,2026-10-03,ok
INT023,interrogatoire,4368046,Jerry Lawler Clark County Police Interview Transcript,13,,eng,2018-02-06,https://www.documentcloud.org/documents/4368046-Jerry-Lawler-Clark-County-Police-Interview/,https://s3.documentcloud.org/documents/4368046/Jerry-Lawler-Clark-County-Police-Interview.pdf,documents\pdf\interrogatoire\INT023.pdf,9287,2026-10-03,ok
INT024,interrogatoire,4368047,Jerry Lawler Louisville Police Interview Transcript,50,,eng,2018-02-06,https://www.documentcloud.org/documents/4368047-Jerry-Lawler-Louisville-Police-Interview/,https://s3.documentcloud.org/documents/4368047/Jerry-Lawler-Louisville-Police-Interview.pdf,documents\pdf\interrogatoire\INT024.pdf,23013,2026-10-03,ok
INT025,interrogatoire,4390567,Jesse Osborne confession transcript,48,document,eng,2018-02-28,https://www.documentcloud.org/documents/4390567-Jesse-Osborne-confession-transcript/,https://s3.documentcloud.org/documents/4390567/Jesse-Osborne-confession-transcript.pdf,documents\pdf\interrogatoire\INT025.pdf,4214,2026-10-03,ok
INT026,interrogatoire,3383350,Jimmy Snuka Police Interview 05 12 83 OCR,15,,eng,2017-01-20,https://www.documentcloud.org/documents/3383350-Jimmy-Snuka-Police-Interview-05-12-83-OCR/,https://s3.documentcloud.org/documents/3383350/Jimmy-Snuka-Police-Interview-05-12-83-OCR.pdf,documents\pdf\interrogatoire\INT026.pdf,739,2026-10-03,ok
INT027,interrogatoire,395841,John Terry police interview,47,,eng,2012-07-10,https://www.documentcloud.org/documents/395841-terry-interview/,https://s3.documentcloud.org/documents/395841/terry-interview.pdf,documents\pdf\interrogatoire\INT027.pdf,4589,2026-10-03,ok
INT028,interrogatoire,4051469,Sunset Bay Interrogation,67,,eng,2017-09-16,https://www.documentcloud.org/documents/4051469-Sunset-Bay-Interrogation/,https://s3.documentcloud.org/documents/4051469/Sunset-Bay-Interrogation.pdf,documents\pdf\interrogatoire\INT028.pdf,2129,2026-10-03,ok
INT029,interrogatoire,2940916,Transcript of Additional 30 Min of Recorded Interview With SVPD 05 01 2012,28,,eng,2016-07-06,https://www.documentcloud.org/documents/2940916-Transcript-of-Additional-30-Min-of-Recorded/,https://s3.documentcloud.org/documents/2940916/Transcript-of-Additional-30-Min-of-Recorded.pdf,documents\pdf\interrogatoire\INT029.pdf,1945,2026-10-03,ok
INT030,interrogatoire,24658309,transcript of Boosie police interview,15,,eng,2024-05-10,https://www.documentcloud.org/documents/24658309-transcript-of-boosie-police-interview/,https://s3.documentcloud.org/documents/24658309/transcript-of-boosie-police-interview.pdf,documents\pdf\interrogatoire\INT030.pdf,101,2026-10-03,ok
INT031,interrogatoire,2780577,Transcript of Officer Dustin Schwarze police interview,20,,eng,2016-03-30,https://www.documentcloud.org/documents/2780577-Transcript-of-Officer-Dustin-Schwarze-police/,https://s3.documentcloud.org/documents/2780577/Transcript-of-Officer-Dustin-Schwarze-police.pdf,documents\pdf\interrogatoire\INT031.pdf,4274,2026-10-03,ok
INT032,interrogatoire,695682,Transcript of police interview with Thomas Sullivan Jr.,223,,eng,2013-05-02,https://www.documentcloud.org/documents/695682-transcript-of-police-interview-with-thomas/,https://s3.documentcloud.org/documents/695682/transcript-of-police-interview-with-thomas.pdf,documents\pdf\interrogatoire\INT032.pdf,26176,2026-10-03,ok
INT033,interrogatoire,3219220,Unofficial Transcript of M.D. Interview,39,"CIRCUIT COURT OF COLE COUNTY, MISSOURI",eng,2016-11-14,https://www.documentcloud.org/documents/3219220-Unofficial-Transcript-of-MD-Interview/,https://s3.documentcloud.org/documents/3219220/Unofficial-Transcript-of-MD-Interview.pdf,documents\pdf\interrogatoire\INT033.pdf,8309,2026-10-03,ok
INT034,interrogatoire,20685736,Wagner police interview,36,,eng,2021-04-21,https://www.documentcloud.org/documents/20685736-wagner-police-interview/,https://s3.documentcloud.org/documents/20685736/wagner-police-interview.pdf,documents\pdf\interrogatoire\INT034.pdf,8247,2026-10-03,ok
INT035,interrogatoire,22627510,Ruben Flores statement transcript,3,,eng,2022-09-21,https://www.documentcloud.org/documents/22627510-ruben-flores-statement-transcript/,https://s3.documentcloud.org/documents/22627510/ruben-flores-statement-transcript.pdf,documents\pdf\interrogatoire\INT035.pdf,88,2026-10-03,ok
INT036,interrogatoire,20490838,Partial Haywood interview transcript,5,,eng,2021-02-24,https://www.documentcloud.org/documents/20490838-partial-haywood-interview-transcript/,https://s3.documentcloud.org/documents/20490838/partial-haywood-interview-transcript.pdf,documents\pdf\interrogatoire\INT036.pdf,151,2026-10-03,ok
INT037,interrogatoire,6810638,"(undated, 2007) transcript of recorded interview by  CCSO Detective U Ritchie with Ed Thomas",3,,eng,2020-03-15,https://www.documentcloud.org/documents/6810638-Doc-03-12-2020-14-58-56/,https://s3.documentcloud.org/documents/6810638/Doc-03-12-2020-14-58-56.pdf,documents\pdf\interrogatoire\INT037.pdf,2072,2026-10-03,ok
INT038,interrogatoire,26098956,Transcript-_Halstrom__1_,10,"Cowlitz County Prosecuting Attorney, Cowlitz County, WA",eng,2025-09-16,https://www.documentcloud.org/documents/26098956-transcript-_halstrom__1/,https://s3.documentcloud.org/documents/26098956/transcript-_halstrom__1.pdf,documents\pdf\interrogatoire\INT038.pdf,84,2026-10-03,ok
INT039,interrogatoire,6211743,"Transcript of Interview, Bisbee Police Dept with Charissa Ray",5,,eng,2019-07-24,https://www.documentcloud.org/documents/6211743-Doc-07-23-2019-19-33-36/,https://s3.documentcloud.org/documents/6211743/Doc-07-23-2019-19-33-36.pdf,documents\pdf\interrogatoire\INT039.pdf,1412,2026-10-03,ok
INT040,interrogatoire,6211734,"Transcript of Interview, Bisbee Police Dept with Manuel Moots",5,,eng,2019-07-24,https://www.documentcloud.org/documents/6211734-Doc-07-23-2019-19-45-35/,https://s3.documentcloud.org/documents/6211734/Doc-07-23-2019-19-45-35.pdf,documents\pdf\interrogatoire\INT040.pdf,1617,2026-10-03,ok
INT041,interrogatoire,20616554,Obina Onyiah Interview and Suppression hearing,59,,eng,2021-04-15,https://www.documentcloud.org/documents/20616554-oniyah-ia-interview/,https://s3.documentcloud.org/documents/20616554/oniyah-ia-interview.pdf,documents\pdf\interrogatoire\INT041.pdf,40852,2026-10-03,ok
DEC001,decision,6589976,Order on Motion to Suppress Statements,13,U.S. District Court,eng,2019-12-20,https://www.documentcloud.org/documents/6589976-Order-on-Motion-to-Suppress-Statements/,https://s3.documentcloud.org/documents/6589976/Order-on-Motion-to-Suppress-Statements.pdf,documents\pdf\decision\DEC001.pdf,296,2026-10-03,ok
DEC002,decision,7331285,Order on Motion to Suppress Statements,6,U.S. District Court,eng,2020-11-19,https://www.documentcloud.org/documents/7331285-Order-on-Motion-to-Suppress-Statements/,https://s3.documentcloud.org/documents/7331285/Order-on-Motion-to-Suppress-Statements.pdf,documents\pdf\decision\DEC002.pdf,133,2026-10-03,ok
DEC003,decision,7208912,Order on Motion to Suppress Statements,20,U.S. District Court,eng,2020-09-15,https://www.documentcloud.org/documents/7208912-Order-on-Motion-to-Suppress-Statements/,https://s3.documentcloud.org/documents/7208912/Order-on-Motion-to-Suppress-Statements.pdf,documents\pdf\decision\DEC003.pdf,155,2026-10-03,ok
DEC004,decision,7016632,Order on Motion to Suppress Statements,16,U.S. District Court,eng,2020-08-06,https://www.documentcloud.org/documents/7016632-Order-on-Motion-to-Suppress-Statements/,https://s3.documentcloud.org/documents/7016632/Order-on-Motion-to-Suppress-Statements.pdf,documents\pdf\decision\DEC004.pdf,131,2026-10-03,ok
DEC005,decision,6177177,Order on Motion to Suppress Statements,30,U.S. District Court,eng,2019-06-29,https://www.documentcloud.org/documents/6177177-Order-on-Motion-to-Suppress-Statements/,https://s3.documentcloud.org/documents/6177177/Order-on-Motion-to-Suppress-Statements.pdf,documents\pdf\decision\DEC005.pdf,424,2026-10-03,ok
DEC006,decision,6006796,Order on Motion to Suppress Statements,8,U.S. District Court,eng,2019-05-16,https://www.documentcloud.org/documents/6006796-Order-on-Motion-to-Suppress-Statements/,https://s3.documentcloud.org/documents/6006796/Order-on-Motion-to-Suppress-Statements.pdf,documents\pdf\decision\DEC006.pdf,151,2026-10-03,ok
DEC007,decision,4756698,Order on Motion to Suppress Statements,10,U.S. District Court,eng,2018-08-14,https://www.documentcloud.org/documents/4756698-Order-on-Motion-to-Suppress-Statements/,https://s3.documentcloud.org/documents/4756698/Order-on-Motion-to-Suppress-Statements.pdf,documents\pdf\decision\DEC007.pdf,176,2026-10-03,ok
DEC008,decision,7032200,Order on Motion to Suppress Statements,5,U.S. District Court,eng,2020-08-08,https://www.documentcloud.org/documents/7032200-Order-on-Motion-to-Suppress-Statements/,https://s3.documentcloud.org/documents/7032200/Order-on-Motion-to-Suppress-Statements.pdf,documents\pdf\decision\DEC008.pdf,171,2026-10-03,ok
DEC009,decision,5028014,Order on Motion to Suppress Statements,5,U.S. District Court,eng,2018-11-03,https://www.documentcloud.org/documents/5028014-Order-on-Motion-to-Suppress-Statements/,https://s3.documentcloud.org/documents/5028014/Order-on-Motion-to-Suppress-Statements.pdf,documents\pdf\decision\DEC009.pdf,38,2026-10-03,ok
DEC010,decision,4433103,Order on Motion to Suppress Statements,6,U.S. District Court,eng,2018-04-06,https://www.documentcloud.org/documents/4433103-Order-on-Motion-to-Suppress-Statements/,https://s3.documentcloud.org/documents/4433103/Order-on-Motion-to-Suppress-Statements.pdf,documents\pdf\decision\DEC010.pdf,197,2026-10-03,ok
DEC011,decision,6777088,Order on Motion to Suppress Statements,13,U.S. District Court,eng,2020-02-15,https://www.documentcloud.org/documents/6777088-Order-on-Motion-to-Suppress-Statements/,https://s3.documentcloud.org/documents/6777088/Order-on-Motion-to-Suppress-Statements.pdf,documents\pdf\decision\DEC011.pdf,140,2026-10-03,ok
DEC012,decision,6023015,Order on Motion to Suppress Statements,8,U.S. District Court,eng,2019-05-22,https://www.documentcloud.org/documents/6023015-Order-on-Motion-to-Suppress-Statements/,https://s3.documentcloud.org/documents/6023015/Order-on-Motion-to-Suppress-Statements.pdf,documents\pdf\decision\DEC012.pdf,193,2026-10-03,ok
DEC013,decision,7331286,Order on Motion to Suppress Statements,10,U.S. District Court,eng,2020-11-19,https://www.documentcloud.org/documents/7331286-Order-on-Motion-to-Suppress-Statements/,https://s3.documentcloud.org/documents/7331286/Order-on-Motion-to-Suppress-Statements.pdf,documents\pdf\decision\DEC013.pdf,71,2026-10-03,ok
DEC014,decision,6660910,Order on Motion to Suppress Statements,6,U.S. District Court,eng,2020-01-18,https://www.documentcloud.org/documents/6660910-Order-on-Motion-to-Suppress-Statements/,https://s3.documentcloud.org/documents/6660910/Order-on-Motion-to-Suppress-Statements.pdf,documents\pdf\decision\DEC014.pdf,148,2026-10-03,ok
DEC015,decision,6609703,Order on Motion to Suppress Statements,17,U.S. District Court,eng,2020-01-09,https://www.documentcloud.org/documents/6609703-Order-on-Motion-to-Suppress-Statements/,https://s3.documentcloud.org/documents/6609703/Order-on-Motion-to-Suppress-Statements.pdf,documents\pdf\decision\DEC015.pdf,167,2026-10-03,ok
DEC016,decision,4433302,Order on Motion to Suppress Statements,6,U.S. District Court,eng,2018-04-06,https://www.documentcloud.org/documents/4433302-Order-on-Motion-to-Suppress-Statements/,https://s3.documentcloud.org/documents/4433302/Order-on-Motion-to-Suppress-Statements.pdf,documents\pdf\decision\DEC016.pdf,197,2026-10-03,ok
DEC017,decision,7335894,Order on Motion to Suppress Statements,8,U.S. District Court,eng,2020-12-08,https://www.documentcloud.org/documents/7335894-Order-on-Motion-to-Suppress-Statements/,https://s3.documentcloud.org/documents/7335894/Order-on-Motion-to-Suppress-Statements.pdf,documents\pdf\decision\DEC017.pdf,164,2026-10-03,ok
DEC018,decision,7037955,Order on Motion to Suppress Statements,24,U.S. District Court,eng,2020-08-16,https://www.documentcloud.org/documents/7037955-Order-on-Motion-to-Suppress-Statements/,https://s3.documentcloud.org/documents/7037955/Order-on-Motion-to-Suppress-Statements.pdf,documents\pdf\decision\DEC018.pdf,175,2026-10-03,ok
DEC019,decision,5677666,Order on Motion to Suppress Statements,3,U.S. District Court,eng,2019-01-08,https://www.documentcloud.org/documents/5677666-Order-on-Motion-to-Suppress-Statements/,https://s3.documentcloud.org/documents/5677666/Order-on-Motion-to-Suppress-Statements.pdf,documents\pdf\decision\DEC019.pdf,33,2026-10-03,ok
DEC020,decision,4613999,Order on Motion to Suppress Statements,28,U.S. District Court,eng,2018-07-20,https://www.documentcloud.org/documents/4613999-Order-on-Motion-to-Suppress-Statements/,https://s3.documentcloud.org/documents/4613999/Order-on-Motion-to-Suppress-Statements.pdf,documents\pdf\decision\DEC020.pdf,642,2026-10-03,ok
DEC021,decision,2432434,Ruling on Involuntary Confession (California Court of Appeals),18,,eng,2015-09-24,https://www.documentcloud.org/documents/2432434-ruling-on-involuntary-confession-california/,https://s3.documentcloud.org/documents/2432434/ruling-on-involuntary-confession-california.pdf,documents\pdf\decision\DEC021.pdf,445,2026-10-03,ok
DEC022,decision,20073917,"11-25-2019 Order denying motion suppress evidence, statements",6,,eng,2020-06-05,https://www.documentcloud.org/documents/20073917-11-25-2019-order-denying-motion-suppress-evidence-statements/,https://s3.documentcloud.org/documents/20073917/11-25-2019-order-denying-motion-suppress-evidence-statements.pdf,documents\pdf\decision\DEC022.pdf,138,2026-10-03,ok
DEC023,decision,20073926,6-2-2020 Order to Suppress,5,,eng,2020-06-05,https://www.documentcloud.org/documents/20073926-6-2-2020-order-to-suppress/,https://s3.documentcloud.org/documents/20073926/6-2-2020-order-to-suppress.pdf,documents\pdf\decision\DEC023.pdf,103,2026-10-03,ok
DEC024,decision,23179243,Arterberry suppression order,18,,eng,2022-10-24,https://www.documentcloud.org/documents/23179243-arterberry-suppression-order/,https://s3.documentcloud.org/documents/23179243/arterberry-suppression-order.pdf,documents\pdf\decision\DEC024.pdf,233,2026-10-03,ok
DEC025,decision,613289,David Robinson Motion to Suppress Statements,8,,eng,2013-03-12,https://www.documentcloud.org/documents/613289-david-robinson-motion-to-suppress-statements/,https://s3.documentcloud.org/documents/613289/david-robinson-motion-to-suppress-statements.pdf,documents\pdf\decision\DEC025.pdf,5084,2026-10-03,ok
DEC026,decision,25477263,Roske Motion to Suppress Statements,12,,eng,2025-01-06,https://www.documentcloud.org/documents/25477263-roske-motion-to-suppress-statements/,https://s3.documentcloud.org/documents/25477263/roske-motion-to-suppress-statements.pdf,documents\pdf\decision\DEC026.pdf,545,2026-10-03,ok
DEC027,decision,1513100,Tsarnaev Motion to Suppress Statements,56,,eng,2015-01-30,https://www.documentcloud.org/documents/1513100-tsarnaev-motion-to-suppress-statements/,https://s3.documentcloud.org/documents/1513100/tsarnaev-motion-to-suppress-statements.pdf,documents\pdf\decision\DEC027.pdf,288,2026-10-03,ok
DEC028,decision,4108297,Courtier Motion to Supress,18,,eng,2017-10-13,https://www.documentcloud.org/documents/4108297-Courtier-Motion-to-Supress/,https://s3.documentcloud.org/documents/4108297/Courtier-Motion-to-Supress.pdf,documents\pdf\decision\DEC028.pdf,189,2026-10-03,ok
DEC029,decision,24658327,USA opposition to Boosie's motion to suppress,14,,eng,2024-05-11,https://www.documentcloud.org/documents/24658327-usa-opposition-to-boosies-motion-to-suppress/,https://s3.documentcloud.org/documents/24658327/usa-opposition-to-boosies-motion-to-suppress.pdf,documents\pdf\decision\DEC029.pdf,231,2026-10-03,ok
