doc_id,type_document,documentcloud_id,titre,nb_pages,source_declaree,url_page,url_pdf,fichier_local,date_collecte,methode_extraction,nb_mots,format_transcription,nb_locuteurs,nb_repliques,exploitable
INT001,interrogatoire,21179915,Driskill Interrogation Transcript,311,"Second Court of Appeals, Fort Worth, Texas",https://www.documentcloud.org/documents/21179915-driskill-interrogation-transcript/,https://s3.documentcloud.org/documents/21179915/driskill-interrogation-transcript.pdf,documents\pdf\interrogatoire\INT001.pdf,2026-10-03,couche texte du PDF,41341,NOM: texte,6,701,True
INT002,interrogatoire,4334950,Reality Winner Interrogation Transcript,80,,https://www.documentcloud.org/documents/4334950-Reality-Winner-Interrogation-Transcript/,https://s3.documentcloud.org/documents/4334950/Reality-Winner-Interrogation-Transcript.pdf,documents\pdf\interrogatoire\INT002.pdf,2026-10-03,couche texte du PDF,13153,NOM: texte,4,1092,True
INT003,interrogatoire,25978978,Adam Ball interrogation transcript,108,,https://www.documentcloud.org/documents/25978978-adam-ball-interrogation-transcript/,https://s3.documentcloud.org/documents/25978978/adam-ball-interrogation-transcript.pdf,documents\pdf\interrogatoire\INT003.pdf,2026-10-03,couche texte du PDF,21933,NOM: texte,4,1067,True
INT004,interrogatoire,517648,"Transcript of Jan. 31, 2007, interrogation of Vanessa Coleman",59,,https://www.documentcloud.org/documents/517648-transcript-of-jan-31-2007-interrogation-of/,https://s3.documentcloud.org/documents/517648/transcript-of-jan-31-2007-interrogation-of.pdf,documents\pdf\interrogatoire\INT004.pdf,2026-10-03,OCR DocumentCloud (PDF scanne),15686,NOM: texte,4,497,True
INT005,interrogatoire,539855,"Read the transcript of the Jan. 11, 2007 interrogation of Letalvis Cobbins",118,,https://www.documentcloud.org/documents/539855-01302009statement-carjack-cobbins/,https://s3.documentcloud.org/documents/539855/01302009statement-carjack-cobbins.pdf,documents\pdf\interrogatoire\INT005.pdf,2026-10-03,OCR DocumentCloud (PDF scanne),24653,NOM: texte,6,600,True
INT006,interrogatoire,538394,"Read the transcript of the Jan. 11, 2007, interrogation of Lemaricus Davidson",96,,https://www.documentcloud.org/documents/538394-read-the-transcript-of-the-jan-11-2007/,https://s3.documentcloud.org/documents/538394/read-the-transcript-of-the-jan-11-2007.pdf,documents\pdf\interrogatoire\INT006.pdf,2026-10-03,OCR DocumentCloud (PDF scanne),30842,NOM: texte,5,696,True
INT007,interrogatoire,539919,Lebanon (Ky.) Police Department's interrogation of George Thomas,34,,https://www.documentcloud.org/documents/539919-120409george-thomas-transcript/,https://s3.documentcloud.org/documents/539919/120409george-thomas-transcript.pdf,documents\pdf\interrogatoire\INT007.pdf,2026-10-03,OCR DocumentCloud (PDF scanne),8194,NOM: texte,3,27,True
INT008,interrogatoire,23842693,Transcript - Kouri Richins police interview,19,,https://www.documentcloud.org/documents/23842693-transcript-kouri-richins-police-interview/,https://s3.documentcloud.org/documents/23842693/transcript-kouri-richins-police-interview.pdf,documents\pdf\interrogatoire\INT008.pdf,2026-10-03,couche texte du PDF,3006,NOM: texte,2,130,True
INT009,interrogatoire,2424987,Sneed police interview transcript,74,,https://www.documentcloud.org/documents/2424987-sneed-police-interview-transcript/,https://s3.documentcloud.org/documents/2424987/sneed-police-interview-transcript.pdf,documents\pdf\interrogatoire\INT009.pdf,2026-10-03,couche texte du PDF,11785,NOM: texte,3,103,True
INT010,interrogatoire,2395793,Glossip Police Interview Jan 8 97,87,,https://www.documentcloud.org/documents/2395793-glossip-police-interview-jan-8-97/,https://s3.documentcloud.org/documents/2395793/glossip-police-interview-jan-8-97.pdf,documents\pdf\interrogatoire\INT010.pdf,2026-10-03,OCR DocumentCloud (PDF scanne),21020,NOM: texte,4,142,True
INT011,interrogatoire,2395795,Glossip Police Interview Jan 9 97,30,,https://www.documentcloud.org/documents/2395795-glossip-police-interview-jan-9-97/,https://s3.documentcloud.org/documents/2395795/glossip-police-interview-jan-9-97.pdf,documents\pdf\interrogatoire\INT011.pdf,2026-10-03,OCR DocumentCloud (PDF scanne),8265,NOM: texte,2,72,True
INT012,interrogatoire,6603507,Alexander police interrogation,130,,https://www.documentcloud.org/documents/6603507-Interrogation/,https://s3.documentcloud.org/documents/6603507/Interrogation.pdf,documents\pdf\interrogatoire\INT012.pdf,2026-10-03,couche texte du PDF (faible),0,,0,0,False
INT013,interrogatoire,1376707,"Bourque 2014 06 06 STATEMENT TRANSCRIPT BOURQUE, JUSTIN (1767) (1)",119,,https://www.documentcloud.org/documents/1376707-bourque-2014-06-06-statement-transcript-bourque/,https://s3.documentcloud.org/documents/1376707/bourque-2014-06-06-statement-transcript-bourque.pdf,documents\pdf\interrogatoire\INT013.pdf,2026-10-03,couche texte du PDF,26818,NOM: texte,5,1650,True
INT014,interrogatoire,3860831,"Bill Cosby’s Jan. 26, 2005 police interview",18,Montgomery County District Attorney’s Office,https://www.documentcloud.org/documents/3860831-Cosby-012605/,https://s3.documentcloud.org/documents/3860831/Cosby-012605.pdf,documents\pdf\interrogatoire\INT014.pdf,2026-10-03,OCR DocumentCloud (PDF scanne),5030,NOM: texte,2,299,True
INT015,interrogatoire,2730291,Carrie-Kain-interview-with-detectives,73,,https://www.documentcloud.org/documents/2730291-Carrie-Kain-interview-with-detectives/,https://s3.documentcloud.org/documents/2730291/Carrie-Kain-interview-with-detectives.pdf,documents\pdf\interrogatoire\INT015.pdf,2026-10-03,OCR DocumentCloud (PDF scanne),22341,NOM: texte,6,1210,True
INT016,interrogatoire,284251,Dewey Pressley Interrogation,6,,https://www.documentcloud.org/documents/284251-dewey-pressley-interrogation/,https://s3.documentcloud.org/documents/284251/dewey-pressley-interrogation.pdf,documents\pdf\interrogatoire\INT016.pdf,2026-10-03,OCR DocumentCloud (PDF scanne),1766,NOM: texte,3,73,True
INT017,interrogatoire,289707,Dustin Paxton police interview,233,,https://www.documentcloud.org/documents/289707-dustin-paxton-police-interview/,https://s3.documentcloud.org/documents/289707/dustin-paxton-police-interview.pdf,documents\pdf\interrogatoire\INT017.pdf,2026-10-03,couche texte du PDF,40336,NOM: texte,3,2769,True
INT018,interrogatoire,1379101,FBI/Police interview with Dorian Johnson,73,,https://www.documentcloud.org/documents/1379101-fbi-police-interview-with-dorian-johnson/,https://s3.documentcloud.org/documents/1379101/fbi-police-interview-with-dorian-johnson.pdf,documents\pdf\interrogatoire\INT018.pdf,2026-10-03,OCR DocumentCloud (PDF scanne),24351,NOM: texte,3,349,True
INT019,interrogatoire,25919,First police interview with Bruce Elliott,21,"Wichita Police file, Case No. S-25193",https://www.documentcloud.org/documents/25919-elliott-1st-interview/,https://s3.documentcloud.org/documents/25919/elliott-1st-interview.pdf,documents\pdf\interrogatoire\INT019.pdf,2026-10-03,OCR DocumentCloud (PDF scanne),6026,NOM: texte,3,145,True
INT020,interrogatoire,25920,Second police interview of Bruce Elliott,14,"Wichita Police file, Case No. S-25193",https://www.documentcloud.org/documents/25920-elliott-2nd-interview/,https://s3.documentcloud.org/documents/25920/elliott-2nd-interview.pdf,documents\pdf\interrogatoire\INT020.pdf,2026-10-03,OCR DocumentCloud (PDF scanne),4202,NOM: texte,4,83,True
INT021,interrogatoire,231515,Gabriel Morris Interview Transcript,58,Oregon Department of Justice,https://www.documentcloud.org/documents/231515-gabriel-morris-interview-transcript/,https://s3.documentcloud.org/documents/231515/gabriel-morris-interview-transcript.pdf,documents\pdf\interrogatoire\INT021.pdf,2026-10-03,couche texte du PDF,20009,NOM: texte,3,843,True
INT022,interrogatoire,231514,Jessica Morris Interview Transcript,145,Oregon Department of Justice,https://www.documentcloud.org/documents/231514-jessica-morris-interview-transcript/,https://s3.documentcloud.org/documents/231514/jessica-morris-interview-transcript.pdf,documents\pdf\interrogatoire\INT022.pdf,2026-10-03,couche texte du PDF,44801,NOM: texte,5,2335,True
INT023,interrogatoire,4368046,Jerry Lawler Clark County Police Interview Transcript,13,,https://www.documentcloud.org/documents/4368046-Jerry-Lawler-Clark-County-Police-Interview/,https://s3.documentcloud.org/documents/4368046/Jerry-Lawler-Clark-County-Police-Interview.pdf,documents\pdf\interrogatoire\INT023.pdf,2026-10-03,OCR DocumentCloud (PDF scanne),6883,aucun locuteur detecte (blocs),1,115,True
INT024,interrogatoire,4368047,Jerry Lawler Louisville Police Interview Transcript,50,,https://www.documentcloud.org/documents/4368047-Jerry-Lawler-Louisville-Police-Interview/,https://s3.documentcloud.org/documents/4368047/Jerry-Lawler-Louisville-Police-Interview.pdf,documents\pdf\interrogatoire\INT024.pdf,2026-10-03,OCR DocumentCloud (PDF scanne),15768,NOM seul sur sa ligne,6,59,True
INT025,interrogatoire,4390567,Jesse Osborne confession transcript,48,document,https://www.documentcloud.org/documents/4390567-Jesse-Osborne-confession-transcript/,https://s3.documentcloud.org/documents/4390567/Jesse-Osborne-confession-transcript.pdf,documents\pdf\interrogatoire\INT025.pdf,2026-10-03,OCR DocumentCloud (PDF scanne),9121,NOM: texte,2,90,True
INT026,interrogatoire,3383350,Jimmy Snuka Police Interview 05 12 83 OCR,15,,https://www.documentcloud.org/documents/3383350-Jimmy-Snuka-Police-Interview-05-12-83-OCR/,https://s3.documentcloud.org/documents/3383350/Jimmy-Snuka-Police-Interview-05-12-83-OCR.pdf,documents\pdf\interrogatoire\INT026.pdf,2026-10-03,couche texte du PDF,6494,aucun locuteur detecte (blocs),1,109,True
INT027,interrogatoire,395841,John Terry police interview,47,,https://www.documentcloud.org/documents/395841-terry-interview/,https://s3.documentcloud.org/documents/395841/terry-interview.pdf,documents\pdf\interrogatoire\INT027.pdf,2026-10-03,OCR DocumentCloud (PDF scanne),14692,aucun locuteur detecte (blocs),1,245,True
INT028,interrogatoire,4051469,Sunset Bay Interrogation,67,,https://www.documentcloud.org/documents/4051469-Sunset-Bay-Interrogation/,https://s3.documentcloud.org/documents/4051469/Sunset-Bay-Interrogation.pdf,documents\pdf\interrogatoire\INT028.pdf,2026-10-03,OCR DocumentCloud (PDF scanne),9051,Q/A,1,203,True
INT029,interrogatoire,2940916,Transcript of Additional 30 Min of Recorded Interview With SVPD 05 01 2012,28,,https://www.documentcloud.org/documents/2940916-Transcript-of-Additional-30-Min-of-Recorded/,https://s3.documentcloud.org/documents/2940916/Transcript-of-Additional-30-Min-of-Recorded.pdf,documents\pdf\interrogatoire\INT029.pdf,2026-10-03,couche texte du PDF,8240,NOM: texte,7,599,True
INT030,interrogatoire,24658309,transcript of Boosie police interview,15,,https://www.documentcloud.org/documents/24658309-transcript-of-boosie-police-interview/,https://s3.documentcloud.org/documents/24658309/transcript-of-boosie-police-interview.pdf,documents\pdf\interrogatoire\INT030.pdf,2026-10-03,couche texte du PDF,2517,NOM: texte,3,136,True
INT031,interrogatoire,2780577,Transcript of Officer Dustin Schwarze police interview,20,,https://www.documentcloud.org/documents/2780577-Transcript-of-Officer-Dustin-Schwarze-police/,https://s3.documentcloud.org/documents/2780577/Transcript-of-Officer-Dustin-Schwarze-police.pdf,documents\pdf\interrogatoire\INT031.pdf,2026-10-03,OCR DocumentCloud (PDF scanne),7994,aucun locuteur detecte (blocs),1,134,True
INT032,interrogatoire,695682,Transcript of police interview with Thomas Sullivan Jr.,223,,https://www.documentcloud.org/documents/695682-transcript-of-police-interview-with-thomas/,https://s3.documentcloud.org/documents/695682/transcript-of-police-interview-with-thomas.pdf,documents\pdf\interrogatoire\INT032.pdf,2026-10-03,OCR DocumentCloud (PDF scanne),21939,aucun locuteur detecte (blocs),1,366,True
INT033,interrogatoire,3219220,Unofficial Transcript of M.D. Interview,39,"CIRCUIT COURT OF COLE COUNTY, MISSOURI",https://www.documentcloud.org/documents/3219220-Unofficial-Transcript-of-MD-Interview/,https://s3.documentcloud.org/documents/3219220/Unofficial-Transcript-of-MD-Interview.pdf,documents\pdf\interrogatoire\INT033.pdf,2026-10-03,couche texte du PDF,16456,NOM: texte,6,237,True
INT034,interrogatoire,20685736,Wagner police interview,36,,https://www.documentcloud.org/documents/20685736-wagner-police-interview/,https://s3.documentcloud.org/documents/20685736/wagner-police-interview.pdf,documents\pdf\interrogatoire\INT034.pdf,2026-10-03,OCR DocumentCloud (PDF scanne),12087,NOM: texte,3,96,True
INT035,interrogatoire,22627510,Ruben Flores statement transcript,3,,https://www.documentcloud.org/documents/22627510-ruben-flores-statement-transcript/,https://s3.documentcloud.org/documents/22627510/ruben-flores-statement-transcript.pdf,documents\pdf\interrogatoire\INT035.pdf,2026-10-03,couche texte du PDF,483,aucun locuteur detecte (blocs),1,9,True
INT036,interrogatoire,20490838,Partial Haywood interview transcript,5,,https://www.documentcloud.org/documents/20490838-partial-haywood-interview-transcript/,https://s3.documentcloud.org/documents/20490838/partial-haywood-interview-transcript.pdf,documents\pdf\interrogatoire\INT036.pdf,2026-10-03,OCR DocumentCloud (PDF scanne),860,aucun locuteur detecte (blocs),1,15,True
INT037,interrogatoire,6810638,"(undated, 2007) transcript of recorded interview by  CCSO Detective U Ritchie with Ed Thomas",3,,https://www.documentcloud.org/documents/6810638-Doc-03-12-2020-14-58-56/,https://s3.documentcloud.org/documents/6810638/Doc-03-12-2020-14-58-56.pdf,documents\pdf\interrogatoire\INT037.pdf,2026-10-03,OCR DocumentCloud (PDF scanne),946,NOM: texte,3,55,True
INT038,interrogatoire,26098956,Transcript-_Halstrom__1_,10,"Cowlitz County Prosecuting Attorney, Cowlitz County, WA",https://www.documentcloud.org/documents/26098956-transcript-_halstrom__1/,https://s3.documentcloud.org/documents/26098956/transcript-_halstrom__1.pdf,documents\pdf\interrogatoire\INT038.pdf,2026-10-03,couche texte du PDF,4182,aucun locuteur detecte (blocs),1,70,True
INT039,interrogatoire,6211743,"Transcript of Interview, Bisbee Police Dept with Charissa Ray",5,,https://www.documentcloud.org/documents/6211743-Doc-07-23-2019-19-33-36/,https://s3.documentcloud.org/documents/6211743/Doc-07-23-2019-19-33-36.pdf,documents\pdf\interrogatoire\INT039.pdf,2026-10-03,OCR DocumentCloud (PDF scanne),730,aucun locuteur detecte (blocs),1,13,True
INT040,interrogatoire,6211734,"Transcript of Interview, Bisbee Police Dept with Manuel Moots",5,,https://www.documentcloud.org/documents/6211734-Doc-07-23-2019-19-45-35/,https://s3.documentcloud.org/documents/6211734/Doc-07-23-2019-19-45-35.pdf,documents\pdf\interrogatoire\INT040.pdf,2026-10-03,OCR DocumentCloud (PDF scanne),827,aucun locuteur detecte (blocs),1,14,True
INT041,interrogatoire,20616554,Obina Onyiah Interview and Suppression hearing,59,,https://www.documentcloud.org/documents/20616554-oniyah-ia-interview/,https://s3.documentcloud.org/documents/20616554/oniyah-ia-interview.pdf,documents\pdf\interrogatoire\INT041.pdf,2026-10-03,OCR DocumentCloud (PDF scanne),32967,Q/A,2,101,True
DEC001,decision,6589976,Order on Motion to Suppress Statements,13,U.S. District Court,https://www.documentcloud.org/documents/6589976-Order-on-Motion-to-Suppress-Statements/,https://s3.documentcloud.org/documents/6589976/Order-on-Motion-to-Suppress-Statements.pdf,documents\pdf\decision\DEC001.pdf,2026-10-03,couche texte du PDF,3930,,0,0,True
DEC002,decision,7331285,Order on Motion to Suppress Statements,6,U.S. District Court,https://www.documentcloud.org/documents/7331285-Order-on-Motion-to-Suppress-Statements/,https://s3.documentcloud.org/documents/7331285/Order-on-Motion-to-Suppress-Statements.pdf,documents\pdf\decision\DEC002.pdf,2026-10-03,couche texte du PDF,1750,,0,0,True
DEC003,decision,7208912,Order on Motion to Suppress Statements,20,U.S. District Court,https://www.documentcloud.org/documents/7208912-Order-on-Motion-to-Suppress-Statements/,https://s3.documentcloud.org/documents/7208912/Order-on-Motion-to-Suppress-Statements.pdf,documents\pdf\decision\DEC003.pdf,2026-10-03,couche texte du PDF,6759,,0,0,True
DEC004,decision,7016632,Order on Motion to Suppress Statements,16,U.S. District Court,https://www.documentcloud.org/documents/7016632-Order-on-Motion-to-Suppress-Statements/,https://s3.documentcloud.org/documents/7016632/Order-on-Motion-to-Suppress-Statements.pdf,documents\pdf\decision\DEC004.pdf,2026-10-03,couche texte du PDF,5043,,0,0,True
DEC005,decision,6177177,Order on Motion to Suppress Statements,30,U.S. District Court,https://www.documentcloud.org/documents/6177177-Order-on-Motion-to-Suppress-Statements/,https://s3.documentcloud.org/documents/6177177/Order-on-Motion-to-Suppress-Statements.pdf,documents\pdf\decision\DEC005.pdf,2026-10-03,couche texte du PDF,10463,,0,0,True
DEC006,decision,6006796,Order on Motion to Suppress Statements,8,U.S. District Court,https://www.documentcloud.org/documents/6006796-Order-on-Motion-to-Suppress-Statements/,https://s3.documentcloud.org/documents/6006796/Order-on-Motion-to-Suppress-Statements.pdf,documents\pdf\decision\DEC006.pdf,2026-10-03,couche texte du PDF,2519,,0,0,True
DEC007,decision,4756698,Order on Motion to Suppress Statements,10,U.S. District Court,https://www.documentcloud.org/documents/4756698-Order-on-Motion-to-Suppress-Statements/,https://s3.documentcloud.org/documents/4756698/Order-on-Motion-to-Suppress-Statements.pdf,documents\pdf\decision\DEC007.pdf,2026-10-03,couche texte du PDF,3242,,0,0,True
DEC008,decision,7032200,Order on Motion to Suppress Statements,5,U.S. District Court,https://www.documentcloud.org/documents/7032200-Order-on-Motion-to-Suppress-Statements/,https://s3.documentcloud.org/documents/7032200/Order-on-Motion-to-Suppress-Statements.pdf,documents\pdf\decision\DEC008.pdf,2026-10-03,couche texte du PDF,1465,,0,0,True
DEC009,decision,5028014,Order on Motion to Suppress Statements,5,U.S. District Court,https://www.documentcloud.org/documents/5028014-Order-on-Motion-to-Suppress-Statements/,https://s3.documentcloud.org/documents/5028014/Order-on-Motion-to-Suppress-Statements.pdf,documents\pdf\decision\DEC009.pdf,2026-10-03,couche texte du PDF,1489,,0,0,True
DEC010,decision,4433103,Order on Motion to Suppress Statements,6,U.S. District Court,https://www.documentcloud.org/documents/4433103-Order-on-Motion-to-Suppress-Statements/,https://s3.documentcloud.org/documents/4433103/Order-on-Motion-to-Suppress-Statements.pdf,documents\pdf\decision\DEC010.pdf,2026-10-03,couche texte du PDF,1604,,0,0,True
DEC011,decision,6777088,Order on Motion to Suppress Statements,13,U.S. District Court,https://www.documentcloud.org/documents/6777088-Order-on-Motion-to-Suppress-Statements/,https://s3.documentcloud.org/documents/6777088/Order-on-Motion-to-Suppress-Statements.pdf,documents\pdf\decision\DEC011.pdf,2026-10-03,couche texte du PDF,4340,,0,0,True
DEC012,decision,6023015,Order on Motion to Suppress Statements,8,U.S. District Court,https://www.documentcloud.org/documents/6023015-Order-on-Motion-to-Suppress-Statements/,https://s3.documentcloud.org/documents/6023015/Order-on-Motion-to-Suppress-Statements.pdf,documents\pdf\decision\DEC012.pdf,2026-10-03,couche texte du PDF,2398,,0,0,True
DEC013,decision,7331286,Order on Motion to Suppress Statements,10,U.S. District Court,https://www.documentcloud.org/documents/7331286-Order-on-Motion-to-Suppress-Statements/,https://s3.documentcloud.org/documents/7331286/Order-on-Motion-to-Suppress-Statements.pdf,documents\pdf\decision\DEC013.pdf,2026-10-03,couche texte du PDF,2980,,0,0,True
DEC014,decision,6660910,Order on Motion to Suppress Statements,6,U.S. District Court,https://www.documentcloud.org/documents/6660910-Order-on-Motion-to-Suppress-Statements/,https://s3.documentcloud.org/documents/6660910/Order-on-Motion-to-Suppress-Statements.pdf,documents\pdf\decision\DEC014.pdf,2026-10-03,couche texte du PDF,1721,,0,0,True
DEC015,decision,6609703,Order on Motion to Suppress Statements,17,U.S. District Court,https://www.documentcloud.org/documents/6609703-Order-on-Motion-to-Suppress-Statements/,https://s3.documentcloud.org/documents/6609703/Order-on-Motion-to-Suppress-Statements.pdf,documents\pdf\decision\DEC015.pdf,2026-10-03,couche texte du PDF,5709,,0,0,True
DEC016,decision,4433302,Order on Motion to Suppress Statements,6,U.S. District Court,https://www.documentcloud.org/documents/4433302-Order-on-Motion-to-Suppress-Statements/,https://s3.documentcloud.org/documents/4433302/Order-on-Motion-to-Suppress-Statements.pdf,documents\pdf\decision\DEC016.pdf,2026-10-03,couche texte du PDF,1604,,0,0,True
DEC017,decision,7335894,Order on Motion to Suppress Statements,8,U.S. District Court,https://www.documentcloud.org/documents/7335894-Order-on-Motion-to-Suppress-Statements/,https://s3.documentcloud.org/documents/7335894/Order-on-Motion-to-Suppress-Statements.pdf,documents\pdf\decision\DEC017.pdf,2026-10-03,couche texte du PDF,2229,,0,0,True
DEC018,decision,7037955,Order on Motion to Suppress Statements,24,U.S. District Court,https://www.documentcloud.org/documents/7037955-Order-on-Motion-to-Suppress-Statements/,https://s3.documentcloud.org/documents/7037955/Order-on-Motion-to-Suppress-Statements.pdf,documents\pdf\decision\DEC018.pdf,2026-10-03,couche texte du PDF,8295,,0,0,True
DEC019,decision,5677666,Order on Motion to Suppress Statements,3,U.S. District Court,https://www.documentcloud.org/documents/5677666-Order-on-Motion-to-Suppress-Statements/,https://s3.documentcloud.org/documents/5677666/Order-on-Motion-to-Suppress-Statements.pdf,documents\pdf\decision\DEC019.pdf,2026-10-03,couche texte du PDF,788,,0,0,True
DEC020,decision,4613999,Order on Motion to Suppress Statements,28,U.S. District Court,https://www.documentcloud.org/documents/4613999-Order-on-Motion-to-Suppress-Statements/,https://s3.documentcloud.org/documents/4613999/Order-on-Motion-to-Suppress-Statements.pdf,documents\pdf\decision\DEC020.pdf,2026-10-03,couche texte du PDF,9783,,0,0,True
DEC021,decision,2432434,Ruling on Involuntary Confession (California Court of Appeals),18,,https://www.documentcloud.org/documents/2432434-ruling-on-involuntary-confession-california/,https://s3.documentcloud.org/documents/2432434/ruling-on-involuntary-confession-california.pdf,documents\pdf\decision\DEC021.pdf,2026-10-03,couche texte du PDF,14925,,0,0,True
DEC022,decision,20073917,"11-25-2019 Order denying motion suppress evidence, statements",6,,https://www.documentcloud.org/documents/20073917-11-25-2019-order-denying-motion-suppress-evidence-statements/,https://s3.documentcloud.org/documents/20073917/11-25-2019-order-denying-motion-suppress-evidence-statements.pdf,documents\pdf\decision\DEC022.pdf,2026-10-03,couche texte du PDF,1309,,0,0,True
DEC023,decision,20073926,6-2-2020 Order to Suppress,5,,https://www.documentcloud.org/documents/20073926-6-2-2020-order-to-suppress/,https://s3.documentcloud.org/documents/20073926/6-2-2020-order-to-suppress.pdf,documents\pdf\decision\DEC023.pdf,2026-10-03,couche texte du PDF,969,,0,0,True
DEC024,decision,23179243,Arterberry suppression order,18,,https://www.documentcloud.org/documents/23179243-arterberry-suppression-order/,https://s3.documentcloud.org/documents/23179243/arterberry-suppression-order.pdf,documents\pdf\decision\DEC024.pdf,2026-10-03,couche texte du PDF,5980,,0,0,True
DEC025,decision,613289,David Robinson Motion to Suppress Statements,8,,https://www.documentcloud.org/documents/613289-david-robinson-motion-to-suppress-statements/,https://s3.documentcloud.org/documents/613289/david-robinson-motion-to-suppress-statements.pdf,documents\pdf\decision\DEC025.pdf,2026-10-03,couche texte du PDF,2031,,0,0,True
DEC026,decision,25477263,Roske Motion to Suppress Statements,12,,https://www.documentcloud.org/documents/25477263-roske-motion-to-suppress-statements/,https://s3.documentcloud.org/documents/25477263/roske-motion-to-suppress-statements.pdf,documents\pdf\decision\DEC026.pdf,2026-10-03,couche texte du PDF,2937,,0,0,True
DEC027,decision,1513100,Tsarnaev Motion to Suppress Statements,56,,https://www.documentcloud.org/documents/1513100-tsarnaev-motion-to-suppress-statements/,https://s3.documentcloud.org/documents/1513100/tsarnaev-motion-to-suppress-statements.pdf,documents\pdf\decision\DEC027.pdf,2026-10-03,couche texte du PDF,17107,,0,0,True
DEC028,decision,4108297,Courtier Motion to Supress,18,,https://www.documentcloud.org/documents/4108297-Courtier-Motion-to-Supress/,https://s3.documentcloud.org/documents/4108297/Courtier-Motion-to-Supress.pdf,documents\pdf\decision\DEC028.pdf,2026-10-03,couche texte du PDF,4349,,0,0,True
DEC029,decision,24658327,USA opposition to Boosie's motion to suppress,14,,https://www.documentcloud.org/documents/24658327-usa-opposition-to-boosies-motion-to-suppress/,https://s3.documentcloud.org/documents/24658327/usa-opposition-to-boosies-motion-to-suppress.pdf,documents\pdf\decision\DEC029.pdf,2026-10-03,couche texte du PDF,3869,,0,0,True
