doc_id,locuteur,role,nb_repliques,nb_mots,part_questions
INT001,A,interroge,495,31671,0.42
INT001,QI,enqueteur,54,2159,0.57
INT001,Q,enqueteur,70,1800,0.3
INT001,QN,enqueteur,15,562,0.6
INT001,QL,enqueteur,46,2707,0.52
INT001,QU,enqueteur,21,1360,0.52
INT002,SAT,enqueteur,233,2207,0.3
INT002,RW,interroge,425,4539,0.07
INT002,SAG,enqueteur,402,4584,0.4
INT002,R W,interroge,32,507,0.09
INT003,SPECIAL AGENT STEVEN LARSON,enqueteur,401,7619,0.53
INT003,BRIAN BUTLER,enqueteur,67,1915,0.54
INT003,MR. ADAM BALL,interroge,441,4427,0.04
INT003,SPECIAL AGENT DOUGLAS SMITH,enqueteur,158,4216,0.35
INT004,VC,interroge,242,6423,0.13
INT004,TC,enqueteur,243,7018,0.69
INT004,RF,enqueteur,5,917,0.6
INT004,AW,enqueteur,7,226,0.43
INT005,JJ,interroge,40,3417,0.07
INT005,LC,interroge,293,12540,0.11
INT005,NN,interroge,17,980,0.06
INT005,TH,enqueteur,5,455,0.4
INT005,SS,enqueteur,231,5713,0.72
INT005,TC,enqueteur,14,490,0.5
INT006,LD,interroge,366,21632,0.2
INT006,RF,enqueteur,266,6254,0.45
INT006,ID,enqueteur,5,807,0.4
INT006,WW,enqueteur,16,201,0.5
INT006,W,enqueteur,43,957,0.7
INT007,NN,enqueteur,9,2797,0.11
INT007,GT,interroge,17,4448,0.06
INT007,TH,interroge,1,701,0.0
INT008,DETECTIVE WOODY,enqueteur,66,1046,0.41
INT008,KOURI RICHINS,interroge,64,1671,0.09
INT009,SNEED,interroge,51,6697,0.76
INT009,COOK,enqueteur,46,3642,0.89
INT009,BEMO,enqueteur,6,1045,1.0
INT010,RICHARD EUGENE GLOSSIP,interroge,76,12979,0.83
INT010,DETECTIVE,enqueteur,63,5732,0.63
INT010,RICHARD EUGENE CLOSSIP,enqueteur,1,11,1.0
INT010,POLICE OFFICER,interroge,2,421,1.0
INT011,RICHARD EUGENE GLOSSIP,interroge,28,4489,0.79
INT011,DETECTIVE,enqueteur,44,3067,0.5
INT013,BOURQUE,interroge,806,13857,0.05
INT013,HARVEY,enqueteur,8,94,0.5
INT013,DEVEAU,enqueteur,165,2163,0.37
INT013,SUREAULT,interroge,21,83,0.19
INT013,LEVESQUE,enqueteur,650,8843,0.49
INT014,Q,enqueteur,154,2035,0.92
INT014,A,interroge,145,2591,0.3
INT015,MD,enqueteur,518,4587,0.53
INT015,CK,enqueteur,599,15913,0.6
INT015,MID,interroge,5,21,0.2
INT015,IVID,enqueteur,8,55,0.62
INT015,DL,enqueteur,75,431,0.49
INT015,SF,enqueteur,5,34,0.6
INT016,Q1,enqueteur,38,765,0.47
INT016,A1,interroge,16,112,0.0
INT016,A2,interroge,19,808,0.42
INT017,DET. ROWE,enqueteur,599,7061,0.27
INT017,DUSTIN PAXTON,interroge,1332,17804,0.07
INT017,DET. CRIPPEN,enqueteur,838,9824,0.23
INT018,D. JOHNSON,interroge,338,20740,0.19
INT018,BOSLEY. JR,enqueteur,5,352,0.4
INT018,JOHNSON,interroge,6,1885,0.83
INT019,MILHAM,interroge,87,4266,0.18
INT019,ELLIOTT,interroge,51,1116,0.18
INT019,FRAIPONT,enqueteur,7,390,0.71
INT020,MILHAM,interroge,40,1895,0.17
INT020,ELLIOTT,interroge,37,1587,0.16
INT020,FRAIPONT,enqueteur,3,570,0.33
INT020,MTLHAM,interroge,3,6,0.0
INT021,COADY,enqueteur,172,2053,0.39
INT021,MORRIS,interroge,380,13913,0.21
INT021,TROUTNER,interroge,291,3142,0.26
INT022,FRASIER,interroge,585,7667,0.31
INT022,MORRIS,interroge,1066,28152,0.05
INT022,LOONEY,enqueteur,578,5471,0.56
INT022,HAMILTON,interroge,45,304,0.18
INT022,RIDDLE,enqueteur,61,776,0.57
INT023,INCONNU,inconnu,115,6883,0.34
INT024,LAWLER,interroge,32,10393,0.81
INT024,IAWLER,enqueteur,4,1163,0.75
INT024,MCCALL,enqueteur,11,1108,0.45
INT024,MCCAEL,enqueteur,1,332,1.0
INT024,SCHILLER,enqueteur,9,1440,0.78
INT024,SCHWEICKART,enqueteur,2,505,1.0
INT025,FEMALE OFFICER,enqueteur,82,8491,0.87
INT025,MALE OFFICER,enqueteur,8,409,0.75
INT026,INCONNU,inconnu,109,6494,0.63
INT027,INCONNU,inconnu,245,14692,0.64
INT028,A,interroge,203,8834,0.54
INT029,DR,interroge,28,244,0.0
INT029,LORI BURDICK,enqueteur,180,1647,0.27
INT029,LORNE KLOKEID,interroge,54,844,0.09
INT029,LOME KLOKEID,interroge,194,2301,0.07
INT029,LOME KROKEID,interroge,15,496,0.13
INT029,DAMIAN BARRON,interroge,110,1314,0.16
INT029,DAMIAN BANON,interroge,18,212,0.22
INT030,MR. HATCH,enqueteur,64,1432,0.36
INT030,DET. SHARRIEFF,enqueteur,55,506,0.15
INT030,DET. WILLIAMS,enqueteur,17,225,0.18
INT031,INCONNU,inconnu,134,7994,0.82
INT032,INCONNU,inconnu,366,21939,0.83
INT033,MD,interroge,94,11037,0.11
INT033,EP,interroge,19,238,0.11
INT033,MPC,enqueteur,55,1507,0.16
INT033,NC,interroge,23,1471,0.13
INT033,MW,interroge,21,613,0.14
INT033,LC,interroge,25,670,0.12
INT034,RG,enqueteur,14,2194,1.0
INT034,BW,enqueteur,46,5591,0.65
INT034,RC,enqueteur,36,3765,0.86
INT035,INCONNU,inconnu,9,483,0.78
INT036,INCONNU,inconnu,15,860,0.67
INT037,DR,enqueteur,28,716,0.79
INT037,MT,interroge,7,102,0.29
INT037,ET,interroge,20,73,0.25
INT038,INCONNU,inconnu,70,4182,0.51
INT039,INCONNU,inconnu,13,730,0.85
INT040,INCONNU,inconnu,14,827,0.86
INT041,A,interroge,95,32130,0.43
INT041,Q,enqueteur,6,645,0.5
