probleme_id,doc_id,probleme,detail
1,INT001,locuteurs abreges,"QI, QL, QN, QU"
2,INT002,locuteurs abreges,"R W, RW, SAG, SAT"
3,INT004,PDF scanne sans texte,texte recupere par l'OCR de DocumentCloud (erreurs de lecture possibles)
4,INT004,locuteurs abreges,"AW, RF, TC, VC"
5,INT005,PDF scanne sans texte,texte recupere par l'OCR de DocumentCloud (erreurs de lecture possibles)
6,INT005,locuteurs abreges,"JJ, LC, NN, SS, TC, TH"
7,INT006,PDF scanne sans texte,texte recupere par l'OCR de DocumentCloud (erreurs de lecture possibles)
8,INT006,locuteurs abreges,"ID, LD, RF, W, WW"
9,INT007,PDF scanne sans texte,texte recupere par l'OCR de DocumentCloud (erreurs de lecture possibles)
10,INT007,locuteurs abreges,"GT, NN, TH"
11,INT009,passages caviardes,informations masquees dans le document
12,INT010,PDF scanne sans texte,texte recupere par l'OCR de DocumentCloud (erreurs de lecture possibles)
13,INT011,PDF scanne sans texte,texte recupere par l'OCR de DocumentCloud (erreurs de lecture possibles)
14,INT012,texte inexploitable,0 mots extraits
15,INT014,PDF scanne sans texte,texte recupere par l'OCR de DocumentCloud (erreurs de lecture possibles)
16,INT015,PDF scanne sans texte,texte recupere par l'OCR de DocumentCloud (erreurs de lecture possibles)
17,INT015,locuteurs abreges,"CK, DL, MD, MID, SF"
18,INT016,PDF scanne sans texte,texte recupere par l'OCR de DocumentCloud (erreurs de lecture possibles)
19,INT018,PDF scanne sans texte,texte recupere par l'OCR de DocumentCloud (erreurs de lecture possibles)
20,INT019,PDF scanne sans texte,texte recupere par l'OCR de DocumentCloud (erreurs de lecture possibles)
21,INT020,PDF scanne sans texte,texte recupere par l'OCR de DocumentCloud (erreurs de lecture possibles)
22,INT023,PDF scanne sans texte,texte recupere par l'OCR de DocumentCloud (erreurs de lecture possibles)
23,INT023,locuteurs non identifies,format de transcription non reconnu : texte decoupe en blocs
24,INT024,PDF scanne sans texte,texte recupere par l'OCR de DocumentCloud (erreurs de lecture possibles)
25,INT025,PDF scanne sans texte,texte recupere par l'OCR de DocumentCloud (erreurs de lecture possibles)
26,INT026,locuteurs non identifies,format de transcription non reconnu : texte decoupe en blocs
27,INT027,PDF scanne sans texte,texte recupere par l'OCR de DocumentCloud (erreurs de lecture possibles)
28,INT027,locuteurs non identifies,format de transcription non reconnu : texte decoupe en blocs
29,INT028,PDF scanne sans texte,texte recupere par l'OCR de DocumentCloud (erreurs de lecture possibles)
30,INT029,locuteurs abreges,DR
31,INT031,PDF scanne sans texte,texte recupere par l'OCR de DocumentCloud (erreurs de lecture possibles)
32,INT031,locuteurs non identifies,format de transcription non reconnu : texte decoupe en blocs
33,INT032,PDF scanne sans texte,texte recupere par l'OCR de DocumentCloud (erreurs de lecture possibles)
34,INT032,locuteurs non identifies,format de transcription non reconnu : texte decoupe en blocs
35,INT033,locuteurs abreges,"EP, LC, MD, MPC, MW, NC"
36,INT034,PDF scanne sans texte,texte recupere par l'OCR de DocumentCloud (erreurs de lecture possibles)
37,INT034,locuteurs abreges,"BW, RC, RG"
38,INT035,locuteurs non identifies,format de transcription non reconnu : texte decoupe en blocs
39,INT036,PDF scanne sans texte,texte recupere par l'OCR de DocumentCloud (erreurs de lecture possibles)
40,INT036,locuteurs non identifies,format de transcription non reconnu : texte decoupe en blocs
41,INT037,PDF scanne sans texte,texte recupere par l'OCR de DocumentCloud (erreurs de lecture possibles)
42,INT037,locuteurs abreges,"DR, ET, MT"
43,INT038,locuteurs non identifies,format de transcription non reconnu : texte decoupe en blocs
44,INT039,PDF scanne sans texte,texte recupere par l'OCR de DocumentCloud (erreurs de lecture possibles)
45,INT039,locuteurs non identifies,format de transcription non reconnu : texte decoupe en blocs
46,INT040,PDF scanne sans texte,texte recupere par l'OCR de DocumentCloud (erreurs de lecture possibles)
47,INT040,locuteurs non identifies,format de transcription non reconnu : texte decoupe en blocs
48,INT041,PDF scanne sans texte,texte recupere par l'OCR de DocumentCloud (erreurs de lecture possibles)
49,INT041,passages caviardes,informations masquees dans le document
50,DEC002,issue non trouvee,la phrase de conclusion n'a pas ete reconnue
51,DEC009,issue non trouvee,la phrase de conclusion n'a pas ete reconnue
52,DEC012,issue non trouvee,la phrase de conclusion n'a pas ete reconnue
53,DEC018,issue non trouvee,la phrase de conclusion n'a pas ete reconnue
54,DEC019,issue non trouvee,la phrase de conclusion n'a pas ete reconnue
55,DEC029,passages caviardes,informations masquees dans le document
